<?xml version="1.0" encoding="UTF-8"?>
<project-private xmlns="http://www.netbeans.org/ns/project-private/1">
    <editor-bookmarks xmlns="http://www.netbeans.org/ns/editor-bookmarks/2" lastBookmarkId="0"/>
    <open-files xmlns="http://www.netbeans.org/ns/projectui-open-files/2">
        <group>
            <file>file:/C:/Users/isaac/OneDrive/Documents/NetBeansProjects/MicroservicioUsuarios/src/java/microserviciousuarios/servicio/UsuarioServicio.java</file>
            <file>file:/C:/Users/isaac/OneDrive/Documents/NetBeansProjects/MicroservicioUsuarios/src/java/microserviciousuarios/persistencia/UsuarioDAO.java</file>
            <file>file:/C:/Users/isaac/OneDrive/Documents/NetBeansProjects/MicroservicioUsuarios/src/java/microserviciousuarios/persistencia/UsuarioDaoPostgre.java</file>
            <file>file:/C:/Users/isaac/OneDrive/Documents/NetBeansProjects/MicroservicioUsuarios/src/java/microserviciousuarios/singleton/ConexionPostgre.java</file>
            <file>file:/C:/Users/isaac/OneDrive/Documents/NetBeansProjects/MicroservicioUsuarios/web/menu.jsp</file>
            <file>file:/C:/Users/isaac/OneDrive/Documents/NetBeansProjects/MicroservicioUsuarios/src/java/microserviciousuarios/presentacion/UsuarioControl.java</file>
            <file>file:/C:/Users/isaac/OneDrive/Documents/NetBeansProjects/MicroservicioUsuarios/src/java/microserviciousuarios/dto/UsuarioDTO.java</file>
            <file>file:/C:/Users/isaac/OneDrive/Documents/NetBeansProjects/MicroservicioUsuarios/web/error.jsp</file>
            <file>file:/C:/Users/isaac/OneDrive/Documents/NetBeansProjects/MicroservicioUsuarios/src/java/microserviciousuarios/presentacion/usuarioApi.java</file>
            <file>file:/C:/Users/isaac/OneDrive/Documents/NetBeansProjects/MicroservicioUsuarios/web/registro.jsp</file>
            <file>file:/C:/Users/isaac/OneDrive/Documents/NetBeansProjects/MicroservicioUsuarios/src/java/microserviciousuarios/modelo/Usuario.java</file>
            <file>file:/C:/Users/isaac/OneDrive/Documents/NetBeansProjects/MicroservicioUsuarios/web/css/estilos.css</file>
            <file>file:/C:/Users/isaac/OneDrive/Documents/NetBeansProjects/MicroservicioUsuarios/web/index.jsp</file>
            <file>file:/C:/Users/isaac/OneDrive/Documents/NetBeansProjects/MicroservicioUsuarios/web/login.jsp</file>
        </group>
    </open-files>
</project-private>
