<?xml version="1.0" encoding="UTF-8"?>
<project-private xmlns="http://www.netbeans.org/ns/project-private/1">
    <editor-bookmarks xmlns="http://www.netbeans.org/ns/editor-bookmarks/2" lastBookmarkId="0"/>
    <open-files xmlns="http://www.netbeans.org/ns/projectui-open-files/2">
        <group>
            <file>file:/C:/Users/isaac/OneDrive/Documents/NetBeansProjects/MicroservicioValoraciones/web/css/estilos.css</file>
            <file>file:/C:/Users/isaac/OneDrive/Documents/NetBeansProjects/MicroservicioValoraciones/src/java/microserviciovaloraciones/singleton/ConexionMongo.java</file>
            <file>file:/C:/Users/isaac/OneDrive/Documents/NetBeansProjects/MicroservicioValoraciones/web/index.jsp</file>
            <file>file:/C:/Users/isaac/OneDrive/Documents/NetBeansProjects/MicroservicioValoraciones/web/crear.jsp</file>
            <file>file:/C:/Users/isaac/OneDrive/Documents/NetBeansProjects/MicroservicioValoraciones/src/java/microserviciovaloraciones/singleton/ConexionPostgre.java</file>
            <file>file:/C:/Users/isaac/OneDrive/Documents/NetBeansProjects/MicroservicioValoraciones/src/java/microserviciovaloraciones/persistencia/ValoracionDaoPostgre.java</file>
            <file>file:/C:/Users/isaac/OneDrive/Documents/NetBeansProjects/MicroservicioValoraciones/web/listar.jsp</file>
            <file>file:/C:/Users/isaac/OneDrive/Documents/NetBeansProjects/MicroservicioValoraciones/web/detalle.jsp</file>
            <file>file:/C:/Users/isaac/OneDrive/Documents/NetBeansProjects/MicroservicioValoraciones/web/editar.jsp</file>
            <file>file:/C:/Users/isaac/OneDrive/Documents/NetBeansProjects/MicroservicioValoraciones/src/java/microserviciovaloraciones/persistencia/ValoracionDAO.java</file>
            <file>file:/C:/Users/isaac/OneDrive/Documents/NetBeansProjects/MicroservicioValoraciones/src/java/microserviciovaloraciones/presentacion/ValoracionControl.java</file>
            <file>file:/C:/Users/isaac/OneDrive/Documents/NetBeansProjects/MicroservicioValoraciones/web/error.jsp</file>
            <file>file:/C:/Users/isaac/OneDrive/Documents/NetBeansProjects/MicroservicioValoraciones/src/java/microserviciovaloraciones/servicio/ValoracionServicio.java</file>
            <file>file:/C:/Users/isaac/OneDrive/Documents/NetBeansProjects/MicroservicioValoraciones/src/java/microserviciovaloraciones/fabrica/FabricaDaoValoracion.java</file>
            <file>file:/C:/Users/isaac/OneDrive/Documents/NetBeansProjects/MicroservicioValoraciones/src/java/microserviciovaloraciones/persistencia/ValoracionDaoMongo.java</file>
            <file>file:/C:/Users/isaac/OneDrive/Documents/NetBeansProjects/MicroservicioValoraciones/src/java/microserviciovaloraciones/modelo/Valoracion.java</file>
            <file>file:/C:/Users/isaac/OneDrive/Documents/NetBeansProjects/MicroservicioValoraciones/src/java/microserviciovaloraciones/dto/ValoracionDTO.java</file>
        </group>
    </open-files>
</project-private>
